SNR in DB,spike rate as a fraction of Nyquist rate = 44.1kHz,ahp high,Baseline Threshold
2.11182538131117,0.0703,0.005,5e-05
2.4711986280762885,0.0959,0.005,5e-05
3.367522743199202,0.1589,0.005,5e-05
6.997691124059953,0.5437,0.005,5e-05
7.847580504044648,0.5955,0.005,5e-05
8.60651554117616,0.6586,0.005,5e-05
6.8388517058429485,0.346,0.0005,5e-06
8.65695347928834,0.466,0.0005,5e-06
13.693832439877822,0.0254,0.005,5e-05
13.480297501626278,0.0277,0.005,5e-05
13.790369200917363,0.0296,0.005,5e-05
14.147121287237244,0.0326,0.005,5e-05
14.264610493307154,0.0355,0.005,5e-05
14.485378961019357,0.041,0.005,5e-05
14.976912077432583,0.0493,0.005,5e-05
15.260316209053029,0.0605,0.005,5e-05
15.438855097519422,0.0774,0.005,5e-05
15.921279075636104,0.1275,0.005,5e-05
5.397634670349072,0.0246,0.0005,5e-06
6.064545966029343,0.0316,0.0005,5e-06
10.550575110171298,0.0505,0.0005,5e-06
18.234778442124863,0.148,0.0005,5e-06
18.59155385926204,0.1596,0.0005,5e-06
18.52069256546941,0.1723,0.0005,5e-06
18.2027111985384,0.1895,0.0005,5e-06
18.810552867589102,0.2121,0.0005,5e-06
21.801859331091244,0.2445,0.0005,5e-06
20.989733878670496,0.288,0.0005,5e-06
25.026884616736357,0.3473,0.0005,5e-06
19.724719227649757,0.4681,0.0005,5e-06
12.205391090763943,0.0725,4.9999999999999996e-05,5e-07
14.876877251694033,0.0994,4.9999999999999996e-05,5e-07
16.814455201906267,0.1582,4.9999999999999996e-05,5e-07
24.054826421537058,0.4794,4.9999999999999996e-05,5e-07
23.32191348972497,0.5182,4.9999999999999996e-05,5e-07
24.81574860509494,0.5654,4.9999999999999996e-05,5e-07
25.06360490621377,0.6273,4.9999999999999996e-05,5e-07
14.14063897040769,0.377,4.9999999999999996e-06,5e-08
19.72036367868813,0.497,4.9999999999999996e-06,5e-08
9.7166686980689,0.0225,0.005,5e-05
9.93214476859533,0.0242,0.005,5e-05
10.611298392069294,0.0275,0.005,5e-05
10.54793726080434,0.0306,0.005,5e-05
10.67007921222736,0.0333,0.005,5e-05
10.944163059579564,0.0354,0.005,5e-05
11.254668224128721,0.0395,0.005,5e-05
12.120229885588813,0.0489,0.005,5e-05
12.872260139151145,0.0599,0.005,5e-05
13.478096208718991,0.0933,0.005,5e-05
4.128121671432731,0.0255,0.0005,5e-06
5.165076251126339,0.0345,0.0005,5e-06
6.992893402060787,0.0553,0.0005,5e-06
17.15295852732087,0.1728,0.0005,5e-06
18.29402021575403,0.1881,0.0005,5e-06
18.32927447413791,0.2073,0.0005,5e-06
19.057506245053656,0.227,0.0005,5e-06
20.003332175411476,0.2551,0.0005,5e-06
20.467000425533776,0.2864,0.0005,5e-06
20.80623358025505,0.3385,0.0005,5e-06
22.60759084505103,0.4243,0.0005,5e-06
25.550019755417196,0.555,0.0005,5e-06
10.744247829632625,0.0669,4.9999999999999996e-05,5e-07
12.281521461023406,0.0919,4.9999999999999996e-05,5e-07
14.408397437303666,0.1502,4.9999999999999996e-05,5e-07
20.59898990973295,0.4898,4.9999999999999996e-05,5e-07
21.414684502460098,0.5333,4.9999999999999996e-05,5e-07
21.90666906290857,0.5851,4.9999999999999996e-05,5e-07
22.365055269991924,0.6492,4.9999999999999996e-05,5e-07
17.70825433028022,0.3222,4.9999999999999996e-06,5e-08
18.09367813142667,0.4275,4.9999999999999996e-06,5e-08
20.582210638765638,0.6767,4.9999999999999996e-06,5e-08
1.3403037813261531,0.0262,0.005,5e-05
2.3359111528697993,0.0428,0.005,5e-05
6.5088744914028815,0.1501,0.005,5e-05
6.806948804809406,0.1656,0.005,5e-05
7.190728541679833,0.1835,0.005,5e-05
8.058975624247271,0.2003,0.005,5e-05
8.073377061986083,0.2374,0.005,5e-05
9.770972463920051,0.2869,0.005,5e-05
11.138845502560127,0.3431,0.005,5e-05
14.5255009741891,0.4146,0.005,5e-05
23.478206156359676,0.5666,0.005,5e-05
3.999188335351689,0.0579,0.0005,5e-06
4.9342928981673,0.0796,0.0005,5e-06
7.273799273322932,0.1329,0.0005,5e-06
16.29861078407491,0.4689,0.0005,5e-06
17.81993911032088,0.5232,0.0005,5e-06
19.833151491368174,0.5824,0.0005,5e-06
20.937298270142044,0.6304,0.0005,5e-06
7.622582037036805,0.2992,4.9999999999999996e-05,5e-07
10.379819566055398,0.4096,4.9999999999999996e-05,5e-07
17.667478226070262,0.6711,4.9999999999999996e-05,5e-07
2.932135479149329,0.025,0.005,5e-05
4.294095159109286,0.0336,0.005,5e-05
6.150074186400262,0.0552,0.005,5e-05
15.794373796804638,0.1736,0.005,5e-05
18.43781049266359,0.1865,0.005,5e-05
19.77400976629599,0.2056,0.005,5e-05
19.923437131336968,0.2279,0.005,5e-05
21.16580298368325,0.2565,0.005,5e-05
21.45017239387279,0.2972,0.005,5e-05
21.919139150741312,0.3546,0.005,5e-05
21.702837356895024,0.4414,0.005,5e-05
22.005564878636875,0.607,0.005,5e-05
9.340176524909685,0.08,0.0005,5e-06
11.544356365620894,0.1079,0.0005,5e-06
14.141414976426809,0.1723,0.0005,5e-06
23.239269192134916,0.5206,0.0005,5e-06
24.996440847504658,0.5628,0.0005,5e-06
25.17805671444568,0.6158,0.0005,5e-06
26.88258762669325,0.6849,0.0005,5e-06
17.960818107526688,0.4549,4.9999999999999996e-05,5e-07
19.03713180606114,0.6057,4.9999999999999996e-05,5e-07
19.262013431108336,0.0549,0.005,5e-05
17.834345983840933,0.0589,0.005,5e-05
18.448651534421273,0.0619,0.005,5e-05
19.373826341696034,0.0657,0.005,5e-05
20.56912282943903,0.0778,0.005,5e-05
20.65872437485288,0.0874,0.005,5e-05
21.22690851987737,0.0929,0.005,5e-05
22.159496887315214,0.1176,0.005,5e-05
23.17940368223347,0.1602,0.005,5e-05
23.615118510003956,0.2866,0.005,5e-05
3.899884814869059,0.0326,0.0005,5e-06
8.033280934321931,0.043,0.0005,5e-06
12.931963132430315,0.0673,0.0005,5e-06
24.294622422234767,0.195,0.0005,5e-06
28.246254062763523,0.215,0.0005,5e-06
26.424512220149275,0.2322,0.0005,5e-06
26.322762020542577,0.2577,0.0005,5e-06
26.823276837671614,0.2887,0.0005,5e-06
26.13316143328698,0.3369,0.0005,5e-06
28.463951824315888,0.3949,0.0005,5e-06
30.202273174003015,0.5011,0.0005,5e-06
26.328112368350148,0.6816,0.0005,5e-06
19.448717168538934,0.1033,4.9999999999999996e-05,5e-07
21.781481359457686,0.1411,4.9999999999999996e-05,5e-07
23.723093268241186,0.2279,4.9999999999999996e-05,5e-07
24.707804314883575,0.6559,4.9999999999999996e-05,5e-07
20.728907552751416,0.6435,4.9999999999999996e-06,5e-08
2.591261648787493,0.0242,0.005,5e-05
15.21194142629679,0.0388,0.005,5e-05
20.65199877666796,0.114,0.005,5e-05
22.007323304606263,0.1228,0.005,5e-05
19.55617060075568,0.1341,0.005,5e-05
19.290442097431296,0.1476,0.005,5e-05
22.672648148404907,0.168,0.005,5e-05
26.10445261199122,0.1936,0.005,5e-05
27.6413610915985,0.2297,0.005,5e-05
25.801925964682994,0.2871,0.005,5e-05
25.807380409856982,0.3957,0.005,5e-05
27.998314392678957,0.6935,0.005,5e-05
17.366273441475784,0.059,0.0005,5e-06
12.045113668671664,0.0788,0.0005,5e-06
20.519798159509296,0.1258,0.0005,5e-06
18.78161841450291,0.3672,0.0005,5e-06
20.067622348453575,0.3946,0.0005,5e-06
17.271747850404655,0.4314,0.0005,5e-06
21.433174226264274,0.4773,0.0005,5e-06
21.06674220140149,0.5359,0.0005,5e-06
20.86539815853333,0.6187,0.0005,5e-06
10.932142929047611,0.4356,4.9999999999999996e-05,5e-07
10.415585512314841,0.5758,4.9999999999999996e-05,5e-07
6.9014445723358575,0.0499,0.005,5e-05
8.379137769910143,0.0663,0.005,5e-05
11.179692826124922,0.1031,0.005,5e-05
19.96597326628915,0.3018,0.005,5e-05
20.468997120219612,0.326,0.005,5e-05
21.374646721806702,0.3554,0.005,5e-05
22.889405246752368,0.3907,0.005,5e-05
24.18742805521269,0.4443,0.005,5e-05
25.91162871105989,0.5133,0.005,5e-05
27.685237543633356,0.6018,0.005,5e-05
14.21896020115031,0.3237,0.0005,5e-06
16.226255892628963,0.426,0.0005,5e-06
17.9215032440101,0.6557,0.0005,5e-06
0.09801233122977523,0.032,0.0005,5e-06
0.04115602918506947,0.0414,4.9999999999999996e-05,5e-07
0.04628849210977695,0.0552,4.9999999999999996e-05,5e-07
0.107255094178408,0.0859,4.9999999999999996e-05,5e-07
4.559727350748412,0.245,4.9999999999999996e-05,5e-07
6.06980376209982,0.2657,4.9999999999999996e-05,5e-07
7.141042198709183,0.2904,4.9999999999999996e-05,5e-07
8.690544807731474,0.3199,4.9999999999999996e-05,5e-07
9.426880316752273,0.3541,4.9999999999999996e-05,5e-07
11.374050418000817,0.408,4.9999999999999996e-05,5e-07
14.36362019848573,0.4799,4.9999999999999996e-05,5e-07
17.41001263832002,0.5808,4.9999999999999996e-05,5e-07
0.09613141060852821,0.0628,4.9999999999999996e-06,5e-08
0.1563339098911826,0.0874,4.9999999999999996e-06,5e-08
0.5387332463069575,0.1464,4.9999999999999996e-06,5e-08
11.385030289363309,0.508,4.9999999999999996e-06,5e-08
8.756736422932743,0.5597,4.9999999999999996e-06,5e-08
13.23369280118751,0.6222,4.9999999999999996e-06,5e-08
1.7388947959652126,0.2554,5e-07,5e-09
5.0469405188996355,0.3397,5e-07,5e-09
9.050152779220296,0.5334,5e-07,5e-09
0.15094533070898972,0.0234,0.0005,5e-06
0.25120336066409865,0.0327,0.0005,5e-06
2.0812293316808637,0.0812,0.0005,5e-06
1.858062773105051,0.0881,0.0005,5e-06
5.216310092869895,0.0963,0.0005,5e-06
4.492883788903322,0.1038,0.0005,5e-06
4.695303823732103,0.1129,0.0005,5e-06
7.3672855474070715,0.1269,0.0005,5e-06
9.198377768691337,0.1479,0.0005,5e-06
12.71539114224338,0.1799,0.0005,5e-06
14.237706793512237,0.231,0.0005,5e-06
16.085601147147788,0.3743,0.0005,5e-06
4.303826273815299,0.0477,4.9999999999999996e-05,5e-07
4.760689558711651,0.0653,4.9999999999999996e-05,5e-07
5.1589711901058735,0.1081,4.9999999999999996e-05,5e-07
10.382411292502216,0.3699,4.9999999999999996e-05,5e-07
10.46708885370686,0.4039,4.9999999999999996e-05,5e-07
11.648792094736859,0.447,4.9999999999999996e-05,5e-07
12.835974975258182,0.4994,4.9999999999999996e-05,5e-07
13.586715355934043,0.5699,4.9999999999999996e-05,5e-07
16.16165689182825,0.6617,4.9999999999999996e-05,5e-07
7.44835626006636,0.1363,4.9999999999999996e-06,5e-08
8.304603093409037,0.1729,4.9999999999999996e-06,5e-08
9.402156457629404,0.2606,4.9999999999999996e-06,5e-08
0.6077089134406529,0.0486,0.005,5e-05
0.7145618776273581,0.0671,0.005,5e-05
1.0334256524441015,0.1123,0.005,5e-05
3.0443651777452168,0.402,0.005,5e-05
3.3382906450697867,0.4422,0.005,5e-05
3.659247602629601,0.4927,0.005,5e-05
4.248980140506104,0.5572,0.005,5e-05
4.797535614833083,0.6422,0.005,5e-05
2.81929080925924,0.1293,0.0005,5e-06
3.2977520431391194,0.1733,0.0005,5e-06
4.548976291588165,0.2801,0.0005,5e-06
0.1526169062824448,0.032,4.9999999999999996e-05,5e-07
0.16426505626579097,0.0406,4.9999999999999996e-05,5e-07
0.25129639910733853,0.0585,4.9999999999999996e-05,5e-07
1.4708663518082579,0.1333,4.9999999999999996e-05,5e-07
1.5777266646443644,0.1403,4.9999999999999996e-05,5e-07
1.4689285477078107,0.1499,4.9999999999999996e-05,5e-07
1.4031738376906389,0.1597,4.9999999999999996e-05,5e-07
1.6450708939043914,0.1754,4.9999999999999996e-05,5e-07
4.880816727833656,0.1962,4.9999999999999996e-05,5e-07
6.726537176818804,0.2226,4.9999999999999996e-05,5e-07
7.796278076488595,0.2754,4.9999999999999996e-05,5e-07
9.674199150057804,0.3453,4.9999999999999996e-05,5e-07
11.106323152366524,0.4984,4.9999999999999996e-05,5e-07
0.1751938637864382,0.0527,4.9999999999999996e-06,5e-08
0.2433424705400778,0.073,4.9999999999999996e-06,5e-08
0.3044987367529305,0.1239,4.9999999999999996e-06,5e-08
5.473693033759812,0.4498,4.9999999999999996e-06,5e-08
9.131047088179553,0.494,4.9999999999999996e-06,5e-08
10.359158190231934,0.5493,4.9999999999999996e-06,5e-08
11.246452255548283,0.6211,4.9999999999999996e-06,5e-08
1.1884221429405823,0.1371,5e-07,5e-09
1.6846744143444567,0.1853,5e-07,5e-09
4.254793415042842,0.2965,5e-07,5e-09
6.757149118573903,0.1002,0.005,5e-05
8.080415823529803,0.1369,0.005,5e-05
9.815445699155944,0.222,0.005,5e-05
16.550925050944393,0.6995,0.005,5e-05
16.422364933705605,0.6522,0.0005,5e-06
2.8080463037828176,0.0286,0.0005,5e-06
3.35469280862372,0.0311,0.0005,5e-06
3.903392474017957,0.034,0.0005,5e-06
5.300038164295245,0.0364,0.0005,5e-06
6.240454096652903,0.0406,0.0005,5e-06
7.770191449648184,0.0468,0.0005,5e-06
9.408508691455816,0.0564,0.0005,5e-06
9.628313947252197,0.0695,0.0005,5e-06
12.015342582158542,0.0907,0.0005,5e-06
12.800839058105673,0.1432,0.0005,5e-06
1.0760292524760149,0.0442,4.9999999999999996e-05,5e-07
1.466609457971584,0.0603,4.9999999999999996e-05,5e-07
2.6404674257055714,0.1008,4.9999999999999996e-05,5e-07
8.563618806297592,0.3206,4.9999999999999996e-05,5e-07
10.076917594548116,0.3454,4.9999999999999996e-05,5e-07
11.35879294857817,0.3788,4.9999999999999996e-05,5e-07
12.504955799469537,0.4191,4.9999999999999996e-05,5e-07
13.598914214642912,0.4703,4.9999999999999996e-05,5e-07
15.739695784292618,0.5349,4.9999999999999996e-05,5e-07
19.268283500419507,0.6326,4.9999999999999996e-05,5e-07
6.09951176470025,0.0822,4.9999999999999996e-06,5e-08
7.237758753061216,0.1092,4.9999999999999996e-06,5e-08
9.330520627877707,0.175,4.9999999999999996e-06,5e-08
17.888349895951595,0.5874,4.9999999999999996e-06,5e-08
18.438532243581786,0.6441,4.9999999999999996e-06,5e-08
11.960582496876839,0.4706,5e-07,5e-09
13.301097826936628,0.5811,5e-07,5e-09
0.585591165978557,0.0203,0.0005,5e-06
1.9782013564335243,0.0559,0.0005,5e-06
2.134701400028486,0.0605,0.0005,5e-06
3.439170384551489,0.0653,0.0005,5e-06
3.7147423013648186,0.0696,0.0005,5e-06
9.026540916892623,0.0775,0.0005,5e-06
9.970218939529419,0.0876,0.0005,5e-06
14.451972284198003,0.1025,0.0005,5e-06
9.2185673665564,0.1221,0.0005,5e-06
18.154381415178772,0.1585,0.0005,5e-06
20.5262691752251,0.2734,0.0005,5e-06
0.5574538042860945,0.0443,4.9999999999999996e-05,5e-07
0.6497658731384177,0.0607,4.9999999999999996e-05,5e-07
1.0290133254275247,0.0961,4.9999999999999996e-05,5e-07
10.502533151284752,0.2676,4.9999999999999996e-05,5e-07
13.601153409913527,0.2897,4.9999999999999996e-05,5e-07
13.081673281862866,0.3135,4.9999999999999996e-05,5e-07
14.923682344453756,0.3453,4.9999999999999996e-05,5e-07
19.41384631798965,0.386,4.9999999999999996e-05,5e-07
17.48262030619601,0.4405,4.9999999999999996e-05,5e-07
21.41965617584696,0.5136,4.9999999999999996e-05,5e-07
21.418587017831726,0.6264,4.9999999999999996e-05,5e-07
2.9380417628799984,0.0954,4.9999999999999996e-06,5e-08
4.418398107775358,0.1302,4.9999999999999996e-06,5e-08
7.364606794587138,0.2124,4.9999999999999996e-06,5e-08
12.586966266975669,0.6735,4.9999999999999996e-06,5e-08
8.167982990918503,0.5874,5e-07,5e-09
0.89579505597879,0.0234,0.005,5e-05
2.6461246163817864,0.0698,0.005,5e-05
2.697430754623893,0.0761,0.005,5e-05
4.4668806207755365,0.0833,0.005,5e-05
6.017234887030739,0.0908,0.005,5e-05
7.405081295242516,0.1027,0.005,5e-05
9.768491955763848,0.1181,0.005,5e-05
10.27268583108424,0.1428,0.005,5e-05
10.859224644591654,0.1738,0.005,5e-05
11.920575136599753,0.2388,0.005,5e-05
13.964045070968833,0.369,0.005,5e-05
1.3085124874963032,0.0393,0.0005,5e-06
1.4721026102667534,0.0547,0.0005,5e-06
2.37100957842779,0.0897,0.0005,5e-06
8.357256319199118,0.3138,0.0005,5e-06
10.249272956014215,0.3449,0.0005,5e-06
11.377031543310071,0.3817,0.0005,5e-06
11.802453513272074,0.4263,0.0005,5e-06
12.869942209569366,0.4859,0.0005,5e-06
14.348998701538685,0.5671,0.0005,5e-06
16.3120832134244,0.6811,0.0005,5e-06
5.865237963234645,0.1024,4.9999999999999996e-05,5e-07
7.263320819416488,0.1387,4.9999999999999996e-05,5e-07
10.2609127094853,0.2238,4.9999999999999996e-05,5e-07
16.11218537717447,0.6609,4.9999999999999996e-06,5e-08
0.6364097395812528,0.0207,0.005,5e-05
0.9403726290287056,0.0277,0.005,5e-05
1.2180772541990763,0.0442,0.005,5e-05
5.544677978717466,0.1328,0.005,5e-05
5.5394669415867215,0.1448,0.005,5e-05
6.0406719338384365,0.1588,0.005,5e-05
7.172123643610064,0.1786,0.005,5e-05
8.842572866837514,0.1978,0.005,5e-05
10.435758824450705,0.2245,0.005,5e-05
11.951826551060217,0.2596,0.005,5e-05
13.738498529653516,0.3188,0.005,5e-05
14.848878605797056,0.4216,0.005,5e-05
18.79381626751045,0.6485,0.005,5e-05
1.629971438267766,0.0416,0.0005,5e-06
1.8864290213004424,0.0576,0.0005,5e-06
2.9244285178898686,0.0969,0.0005,5e-06
8.665040650887324,0.3423,0.0005,5e-06
9.218814149709058,0.3736,0.0005,5e-06
10.46243948183932,0.4124,0.0005,5e-06
11.987472763627105,0.4625,0.0005,5e-06
13.270395510301254,0.5281,0.0005,5e-06
15.795936877537077,0.6138,0.0005,5e-06
6.262499892050821,0.1309,4.9999999999999996e-05,5e-07
7.555858010526897,0.1762,4.9999999999999996e-05,5e-07
10.622799124377703,0.2836,4.9999999999999996e-05,5e-07
3.363758482560772,0.0448,0.005,5e-05
3.790536438354878,0.0475,0.005,5e-05
4.573904910772575,0.0516,0.005,5e-05
4.609522009433401,0.0553,0.005,5e-05
5.77152301596594,0.0606,0.005,5e-05
8.67648073155493,0.0657,0.005,5e-05
12.852947844086962,0.0766,0.005,5e-05
16.85166332945831,0.0913,0.005,5e-05
17.882577526705973,0.1227,0.005,5e-05
17.470098466593306,0.2153,0.005,5e-05
0.4074581135868023,0.0405,0.0005,5e-06
0.5742511786519153,0.0553,0.0005,5e-06
0.9724067542922087,0.09,0.0005,5e-06
11.808244907674228,0.2744,0.0005,5e-06
12.195963630271184,0.2983,0.0005,5e-06
15.093116652018598,0.3269,0.0005,5e-06
13.610304071637845,0.3595,0.0005,5e-06
20.417628359943713,0.4027,0.0005,5e-06
20.43544514390365,0.4634,0.0005,5e-06
20.63519773433312,0.5472,0.0005,5e-06
24.514706218624944,0.6748,0.0005,5e-06
3.4908800412828613,0.0886,4.9999999999999996e-05,5e-07
6.225566381601113,0.1198,4.9999999999999996e-05,5e-07
6.1050432757311635,0.1954,4.9999999999999996e-05,5e-07
17.109479235775915,0.6156,4.9999999999999996e-05,5e-07
18.908119025952544,0.6733,4.9999999999999996e-05,5e-07
9.789905569079993,0.5123,4.9999999999999996e-06,5e-08
9.81672985609471,0.674,4.9999999999999996e-06,5e-08
3.1387377919349735,0.0492,0.005,5e-05
4.001845905377281,0.0659,0.005,5e-05
6.375405506990129,0.105,0.005,5e-05
13.196363869235139,0.3327,0.005,5e-05
16.57731230323336,0.3635,0.005,5e-05
18.35822762901956,0.4003,0.005,5e-05
19.560701264338302,0.4467,0.005,5e-05
20.49154041296535,0.5079,0.005,5e-05
23.26444186083333,0.5933,0.005,5e-05
10.64738375713733,0.223,0.0005,5e-06
11.315894688285653,0.2882,0.0005,5e-06
10.338352088073965,0.4374,0.0005,5e-06
